<?xml version="1.0" encoding="UTF-8"?> 
<workspaceblocks>
	<block type="ivw_defTypes" id="yzfnbyzfnbyzfnbyzfnb" x="0" y="0">
		<statement name="types">
			<block type="ivw_itemType" id="welcometowaddle!!!!!">
				<field name="type">MY_WIDGET</field>
				<next>
					<block type="ivw_itemIcon" id="ffxwnbffxwnbffxwnbnb">
						<field name="icon">https://waddle.coco-central.cn/static/img/logo.svg</field>
						<next>
							<block type="ivw_itemTitle" id="hzsnnbhzsnnbhzsnnbnb">
								<field name="title">我的控件</field>
								<next>
									<block type="ivw_itemVersion" id="lyxnblyxnblyxnblyxnb">
										<field name="version">1.0.0</field>
										<next>
											<block type="ivw_itemIsGlobalWidget" id="DS(9RHPwztx:A.8!Tp3n">
												<field name="isGlobalWidget">true</field>
											</block>
										</next>
									</block>
								</next>
							</block>
						</next>
					</block>
				</next>
			</block>
		</statement>
		<next>
			<block type="ivw_defWidget" id="mathcalculusnbnbnbnb">
				<next>
					<block type="ivw_export" id="zzxnbzzxnbzzxnbzzxnb">
					</block>
				</next>
			</block>
		</next>
	</block>
</workspaceblocks>
